room,capacity,size,type,department_assigned
ADV.LAB,48,L,COMLAB,NONE
AMPHI,40,L,NURLAB,CON
BASIC LAB,44,L,COMLAB,NONE
BC204,40,L,LEC,NONE
BC304,40,L,LEC,NONE
BC305,50,L,COMLAB,SMA
BC306,15,M,LEC,SMA
BC307,30,M,LEC,NONE
BC308,30,M,LEC,NONE
BC401,40,L,LEC,NONE
BC402,40,L,LEC,NONE
BC403,40,L,LEC,NONE
BC405,40,L,LEC,NONE
BC406,40,L,LEC,NONE
BC407,40,L,LEC,NONE
BC408,40,L,LEC,NONE
C108,40,L,BIOLAB,Nat Sci
C110,40,L,BIOLAB,Nat Sci
C205,20,M,ENGLAB,Engineering
C206,40,L,Physics Lab,Nat Sci
C209,30,M,COMLAB,CS
C308,40,L,Chem Lab,Nat Sci
C310,30,M,Chem Lab,Nat Sci
C311,40,L,LEC,NONE
C312C,10,S,COMLAB,CS
C403,40,L,LEC,NONE
C404,28,M,ECE Lab,Engineering
C405,40,L,Stat Lab,Mathematics
CELAB(CMT),44,L,CE Lab,Engineering
CELAB(DRAW,44,L,CE Lab,Engineering
LRC CONF,20,M,Conference room,For Meetings
LRC203,20,M,Defense room,Graduate School
LRC204,40,L,Psychology lab,Psychology
LRC303A,20,M,Masscom Lab,Masscom
LRC303D,30,M,Masscom Lab,Masscom
LRC305,20,M,LEC,Masscom
LRC311,15,S,LEC,NONE
MPCC 1A,40,L,PE,NONE
NUTRILAB,40,L,Nursing Lab,CON (Skills Lab)
S.CONFROOM,10,S,Conference room,For Meetings
S301,35,L,LEC,NONE
S302,35,L,LEC,NONE
S303,35,L,LEC,NONE
S304,10,S,LEC,NONE
S305,10,S,LEC,NONE
S401,35,L,LEC,NONE
S402,35,L,LEC,NONE
S403,35,L,LEC,NONE
S404,5,S,LEC,NONE
SEB 302,25,M,LEC,NONE
SLA ANNEX,10,S,Conference room,For Meetings
URO LIB,10,S,Conference room,For Meetings
XH105,40,L,HE Room,SED (Simulation)
XH106,10,S,LEC,SMA
XH201,40,L,LEC,CON
XH202,40,L,LEC,CON
XH203,40,L,LEC,CON
XH204,40,L,LEC,CON
XH301,40,L,LEC,CON
XH302,40,L,LEC,CON
XH303,40,L,LEC,CON
XH304,40,L,LEC,CON
XH305,40,L,LEC,CON
XH401,40,L,LEC,CON
XH402,40,L,LEC,CON
XH403,40,L,LEC,CON
XH404,40,L,LEC,CON
XH405,40,L,LEC,CON
BC203,40,L,LEC,NONE
BC205,40,L,LEC,NONE
BC206,40,L,LEC,NONE
MPCC 1B,40,L,PE,NONE
MPCC 1C,40,L,PE,NONE
MPCC 1D,40,L,PE,NONE
